-- Skills Seeds
INSERT INTO handyman.skills (id, type, description, createdAt, updatedAt) VALUES (1,'Household Chores','Packing & Unpacking','2016-12-31 23:59:59','2016-12-31 23:59:59');
INSERT INTO handyman.skills (id, type, description, createdAt, updatedAt) VALUES (2,'Household Chores','Lifting & Moving Items','2016-12-31 23:59:59','2016-12-31 23:59:59');
INSERT INTO handyman.skills (id, type, description, createdAt, updatedAt) VALUES (3,'Household Chores','Recycling & Disposal','2016-12-31 23:59:59','2016-12-31 23:59:59');
INSERT INTO handyman.skills (id, type, description, createdAt, updatedAt) VALUES (4,'Household Chores','Yard & Garden Work','2016-12-31 23:59:59','2016-12-31 23:59:59');
INSERT INTO handyman.skills (id, type, description, createdAt, updatedAt) VALUES (5,'Landscaping','Lawn Maintenance','2016-12-31 23:59:59','2016-12-31 23:59:59');
INSERT INTO handyman.skills (id, type, description, createdAt, updatedAt) VALUES (6,'Landscaping','Bushes, Shrubs & Trees pruning','2016-12-31 23:59:59','2016-12-31 23:59:59');
INSERT INTO handyman.skills (id, type, description, createdAt, updatedAt) VALUES (7,'Landscaping','Fences','2016-12-31 23:59:59','2016-12-31 23:59:59');
INSERT INTO handyman.skills (id, type, description, createdAt, updatedAt) VALUES (8,'Landscaping','Outdoor Patios, Steps & Walkways fixes','2016-12-31 23:59:59','2016-12-31 23:59:59');
INSERT INTO handyman.skills (id, type, description, createdAt, updatedAt) VALUES (9,'Landscaping','Mowers/mowing','2016-12-31 23:59:59','2016-12-31 23:59:59');
INSERT INTO handyman.skills (id, type, description, createdAt, updatedAt) VALUES (10,'Landscaping','Planting','2016-12-31 23:59:59','2016-12-31 23:59:59');
INSERT INTO handyman.skills (id, type, description, createdAt, updatedAt) VALUES (11,'Painting & Staining','Exterior Painting or Staining','2016-12-31 23:59:59','2016-12-31 23:59:59');
INSERT INTO handyman.skills (id, type, description, createdAt, updatedAt) VALUES (12,'Painting & Staining','Interior Painting or Staining','2016-12-31 23:59:59','2016-12-31 23:59:59');
INSERT INTO handyman.skills (id, type, description, createdAt, updatedAt) VALUES (13,'Painting & Staining','Paint Removal and Cleaning','2016-12-31 23:59:59','2016-12-31 23:59:59');
INSERT INTO handyman.skills (id, type, description, createdAt, updatedAt) VALUES (14,'Painting & Staining','Wallpapering','2016-12-31 23:59:59','2016-12-31 23:59:59');

INSERT INTO handyman.skills (id, type, description, createdAt, updatedAt) VALUES (15,'Plumbing','Drain Clearing','2016-12-31 23:59:59','2016-12-31 23:59:59');
INSERT INTO handyman.skills (id, type, description, createdAt, updatedAt) VALUES (16,'Plumbing','Faucets, Fixtures & Pipes','2016-12-31 23:59:59','2016-12-31 23:59:59');
INSERT INTO handyman.skills (id, type, description, createdAt, updatedAt) VALUES (17,'Plumbing','Garbage Disposal','2016-12-31 23:59:59','2016-12-31 23:59:59');
INSERT INTO handyman.skills (id, type, description, createdAt, updatedAt) VALUES (18,'Plumbing','Septic Systems, Sewers & Water Mains','2016-12-31 23:59:59','2016-12-31 23:59:59');
INSERT INTO handyman.skills (id, type, description, createdAt, updatedAt) VALUES (19,'Plumbing','Sprinkler Systems','2016-12-31 23:59:59','2016-12-31 23:59:59');
INSERT INTO handyman.skills (id, type, description, createdAt, updatedAt) VALUES (20,'Plumbing','Water Heaters','2016-12-31 23:59:59','2016-12-31 23:59:59');
INSERT INTO handyman.skills (id, type, description, createdAt, updatedAt) VALUES (21,'Plumbing','Boilers & Radiators','2016-12-31 23:59:59','2016-12-31 23:59:59');
INSERT INTO handyman.skills (id, type, description, createdAt, updatedAt) VALUES (22,'Plumbing','Pumps','2016-12-31 23:59:59','2016-12-31 23:59:59');
INSERT INTO handyman.skills (id, type, description, createdAt, updatedAt) VALUES (23,'Plumbing','Water Softening & Purification','2016-12-31 23:59:59','2016-12-31 23:59:59');

INSERT INTO handyman.skills (id, type, description, createdAt, updatedAt) VALUES (24,'Electrical','Fuse','2016-12-31 23:59:59','2016-12-31 23:59:59');
INSERT INTO handyman.skills (id, type, description, createdAt, updatedAt) VALUES (25,'Electrical','Outlets, Panels, Switches & Wiring','2016-12-31 23:59:59','2016-12-31 23:59:59');
INSERT INTO handyman.skills (id, type, description, createdAt, updatedAt) VALUES (26,'Electrical','Cables, Networks & Telephones','2016-12-31 23:59:59','2016-12-31 23:59:59');
INSERT INTO handyman.skills (id, type, description, createdAt, updatedAt) VALUES (27,'Electrical','Electronics, Computers & Home Media Systems','2016-12-31 23:59:59','2016-12-31 23:59:59');
INSERT INTO handyman.skills (id, type, description, createdAt, updatedAt) VALUES (28,'Electrical','Appliances','2016-12-31 23:59:59','2016-12-31 23:59:59');
INSERT INTO handyman.skills (id, type, description, createdAt, updatedAt) VALUES (29,'Electrical','Heating & Thermostats','2016-12-31 23:59:59','2016-12-31 23:59:59');
INSERT INTO handyman.skills (id, type, description, createdAt, updatedAt) VALUES (30,'Electrical','Home Security & Alarms','2016-12-31 23:59:59','2016-12-31 23:59:59');

INSERT INTO handyman.skills (id, type, description, createdAt, updatedAt) VALUES (31,'Appliances','Washing machine','2016-12-31 23:59:59','2016-12-31 23:59:59');
INSERT INTO handyman.skills (id, type, description, createdAt, updatedAt) VALUES (32,'Appliances','Refrigerator','2016-12-31 23:59:59','2016-12-31 23:59:59');
INSERT INTO handyman.skills (id, type, description, createdAt, updatedAt) VALUES (33,'Appliances','Dishwasher','2016-12-31 23:59:59','2016-12-31 23:59:59');
INSERT INTO handyman.skills (id, type, description, createdAt, updatedAt) VALUES (34,'Appliances','Dryer','2016-12-31 23:59:59','2016-12-31 23:59:59');
INSERT INTO handyman.skills (id, type, description, createdAt, updatedAt) VALUES (35,'Appliances','Range, stove or oven','2016-12-31 23:59:59','2016-12-31 23:59:59');
INSERT INTO handyman.skills (id, type, description, createdAt, updatedAt) VALUES (36,'Appliances','Garbage disposal','2016-12-31 23:59:59','2016-12-31 23:59:59');

INSERT INTO handyman.skills (id, type, description, createdAt, updatedAt) VALUES (37,'Housecleaning','Carpet & Draperies','2016-12-31 23:59:59','2016-12-31 23:59:59');
INSERT INTO handyman.skills (id, type, description, createdAt, updatedAt) VALUES (38,'Housecleaning','Windows','2016-12-31 23:59:59','2016-12-31 23:59:59');
INSERT INTO handyman.skills (id, type, description, createdAt, updatedAt) VALUES (39,'Housecleaning','Exterior Home','2016-12-31 23:59:59','2016-12-31 23:59:59');
INSERT INTO handyman.skills (id, type, description, createdAt, updatedAt) VALUES (40,'Housecleaning','Interior Home','2016-12-31 23:59:59','2016-12-31 23:59:59');
INSERT INTO handyman.skills (id, type, description, createdAt, updatedAt) VALUES (41,'Housecleaning','Ducts & Vents','2016-12-31 23:59:59','2016-12-31 23:59:59');
INSERT INTO handyman.skills (id, type, description, createdAt, updatedAt) VALUES (42,'Housecleaning','Chimney & Fireplace','2016-12-31 23:59:59','2016-12-31 23:59:59');

INSERT INTO handyman.skills (id, type, description, createdAt, updatedAt) VALUES (43,'Heating','Heating Systems','2016-12-31 23:59:59','2016-12-31 23:59:59');
INSERT INTO handyman.skills (id, type, description, createdAt, updatedAt) VALUES (44,'Heating','Water Heaters','2016-12-31 23:59:59','2016-12-31 23:59:59');
INSERT INTO handyman.skills (id, type, description, createdAt, updatedAt) VALUES (45,'Heating','Ducts & Vents','2016-12-31 23:59:59','2016-12-31 23:59:59');
INSERT INTO handyman.skills (id, type, description, createdAt, updatedAt) VALUES (46,'Heating','Fireplaces, Inserts, Stoves','2016-12-31 23:59:59','2016-12-31 23:59:59');
INSERT INTO handyman.skills (id, type, description, createdAt, updatedAt) VALUES (47,'Heating','Central Air Conditioning','2016-12-31 23:59:59','2016-12-31 23:59:59');
INSERT INTO handyman.skills (id, type, description, createdAt, updatedAt) VALUES (48,'Heating','Window A/C Unit','2016-12-31 23:59:59','2016-12-31 23:59:59');

INSERT INTO handyman.skills (id, type, description, createdAt, updatedAt) VALUES (49,'Windows','Stuck Windows','2016-12-31 23:59:59','2016-12-31 23:59:59');
INSERT INTO handyman.skills (id, type, description, createdAt, updatedAt) VALUES (50,'Windows','Cracked Glass','2016-12-31 23:59:59','2016-12-31 23:59:59');
INSERT INTO handyman.skills (id, type, description, createdAt, updatedAt) VALUES (51,'Windows','Leaks & Moisture','2016-12-31 23:59:59','2016-12-31 23:59:59');
INSERT INTO handyman.skills (id, type, description, createdAt, updatedAt) VALUES (52,'Windows','Rotted Window Sill','2016-12-31 23:59:59','2016-12-31 23:59:59');
INSERT INTO handyman.skills (id, type, description, createdAt, updatedAt) VALUES (53,'Windows','Heavy Drafts','2016-12-31 23:59:59','2016-12-31 23:59:59');
INSERT INTO handyman.skills (id, type, description, createdAt, updatedAt) VALUES (54,'Electrical','Fixtures','2016-12-31 23:59:59','2016-12-31 23:59:59');
INSERT INTO handyman.skills (id, type, description, createdAt, updatedAt) VALUES (55,'Windows','Locks & Hinges','2016-12-31 23:59:59','2016-12-31 23:59:59');

-- User  Seeds
INSERT INTO handyman.users (id, first_name, last_name, address, city, state, zip, lat, lng, email, password, createdAt, updatedAt) VALUES (1, "Benjamin", "Andersen", "5982 Washburn Ave S", "Minneapolis", "MN", 55432, 87.12345, 52.12345, "benjamin.andersen@alumni.nd.edu", "$2a$10$jLwElhcF3soPAmu2ZAg/T.OXXGD88NwqQcRJM5yehVC3HdTgx5M3C",'2016-12-31 23:59:59','2016-12-31 23:59:59');
INSERT INTO handyman.users (id, first_name, last_name, address, city, state, zip, lat, lng, email, password, createdAt, updatedAt) VALUES (2, "Ben1", "Andersen", "5982 Washburn Ave S", "Minneapolis", "MN", 55432, 87.12345, 52.12345, "benjamin.andersen1@alumni.nd.edu", "$2a$10$jLwElhcF3soPAmu2ZAg/T.OXXGD88NwqQcRJM5yehVC3HdTgx5M3C",'2016-12-31 23:59:59','2016-12-31 23:59:59');
INSERT INTO handyman.users (id, first_name, last_name, address, city, state, zip, lat, lng, email, password, createdAt, updatedAt) VALUES (3, "Ben2", "Andersen", "5982 Washburn Ave S", "Minneapolis", "MN", 55432, 87.12345, 52.12345, "benjamin.andersen2@alumni.nd.edu", "$2a$10$jLwElhcF3soPAmu2ZAg/T.OXXGD88NwqQcRJM5yehVC3HdTgx5M3C",'2016-12-31 23:59:59','2016-12-31 23:59:59');
INSERT INTO handyman.users (id, first_name, last_name, address, city, state, zip, lat, lng, email, password, createdAt, updatedAt) VALUES (4, "Ben3", "Andersen", "5982 Washburn Ave S", "Minneapolis", "MN", 55432, 87.12345, 52.12345, "benjamin.andersen3@alumni.nd.edu", "$2a$10$jLwElhcF3soPAmu2ZAg/T.OXXGD88NwqQcRJM5yehVC3HdTgx5M3C",'2016-12-31 23:59:59','2016-12-31 23:59:59');
INSERT INTO handyman.users (id, first_name, last_name, address, city, state, zip, lat, lng, email, password, createdAt, updatedAt) VALUES (5, "Ben4", "Andersen", "5982 Washburn Ave S", "Minneapolis", "MN", 55432, 87.12345, 52.12345, "benjamin.andersen4@alumni.nd.edu", "$2a$10$jLwElhcF3soPAmu2ZAg/T.OXXGD88NwqQcRJM5yehVC3HdTgx5M3C",'2016-12-31 23:59:59','2016-12-31 23:59:59');
INSERT INTO handyman.users (id, first_name, last_name, address, city, state, zip, lat, lng, email, password, createdAt, updatedAt) VALUES (6, "Ben5", "Andersen", "5982 Washburn Ave S", "Minneapolis", "MN", 55432, 87.12345, 52.12345, "benjamin.andersen5@alumni.nd.edu", "$2a$10$jLwElhcF3soPAmu2ZAg/T.OXXGD88NwqQcRJM5yehVC3HdTgx5M3C",'2016-12-31 23:59:59','2016-12-31 23:59:59');
INSERT INTO handyman.users (id, first_name, last_name, address, city, state, zip, lat, lng, email, password, createdAt, updatedAt) VALUES (7, "Ben6", "Andersen", "5982 Washburn Ave S", "Minneapolis", "MN", 55432, 87.12345, 52.12345, "benjamin.andersen6@alumni.nd.edu", "$2a$10$jLwElhcF3soPAmu2ZAg/T.OXXGD88NwqQcRJM5yehVC3HdTgx5M3C",'2016-12-31 23:59:59','2016-12-31 23:59:59');
INSERT INTO handyman.users (id, first_name, last_name, address, city, state, zip, lat, lng, email, password, createdAt, updatedAt) VALUES (8, "Ben7", "Andersen", "5982 Washburn Ave S", "Minneapolis", "MN", 55432, 87.12345, 52.12345, "benjamin.andersen7@alumni.nd.edu", "$2a$10$jLwElhcF3soPAmu2ZAg/T.OXXGD88NwqQcRJM5yehVC3HdTgx5M3C",'2016-12-31 23:59:59','2016-12-31 23:59:59');
-- UserSkill Seeds
INSERT INTO handyman.userskills (id, userId, skillId, createdAt, updatedAt) VALUES (1,1,8,'2016-12-31 23:59:59','2016-12-31 23:59:59');
INSERT INTO handyman.userskills (id, userId, skillId, createdAt, updatedAt) VALUES (2,1,9,'2016-12-31 23:59:59','2016-12-31 23:59:59');
INSERT INTO handyman.userskills (id, userId, skillId, createdAt, updatedAt) VALUES (3,1,12,'2016-12-31 23:59:59','2016-12-31 23:59:59');
INSERT INTO handyman.userskills (id, userId, skillId, createdAt, updatedAt) VALUES (4,2,13,'2016-12-31 23:59:59','2016-12-31 23:59:59');
INSERT INTO handyman.userskills (id, userId, skillId, createdAt, updatedAt) VALUES (5,2,14,'2016-12-31 23:59:59','2016-12-31 23:59:59');
INSERT INTO handyman.userskills (id, userId, skillId, createdAt, updatedAt) VALUES (6,2,20,'2016-12-31 23:59:59','2016-12-31 23:59:59');
INSERT INTO handyman.userskills (id, userId, skillId, createdAt, updatedAt) VALUES (7,3,21,'2016-12-31 23:59:59','2016-12-31 23:59:59');
INSERT INTO handyman.userskills (id, userId, skillId, createdAt, updatedAt) VALUES (8,3,22,'2016-12-31 23:59:59','2016-12-31 23:59:59');
INSERT INTO handyman.userskills (id, userId, skillId, createdAt, updatedAt) VALUES (9,3,23,'2016-12-31 23:59:59','2016-12-31 23:59:59');
INSERT INTO handyman.userskills (id, userId, skillId, createdAt, updatedAt) VALUES (10,4,8,'2016-12-31 23:59:59','2016-12-31 23:59:59');
INSERT INTO handyman.userskills (id, userId, skillId, createdAt, updatedAt) VALUES (11,5,8,'2016-12-31 23:59:59','2016-12-31 23:59:59');
INSERT INTO handyman.userskills (id, userId, skillId, createdAt, updatedAt) VALUES (12,5,35,'2016-12-31 23:59:59','2016-12-31 23:59:59');
INSERT INTO handyman.userskills (id, userId, skillId, createdAt, updatedAt) VALUES (13,6,8,'2016-12-31 23:59:59','2016-12-31 23:59:59');
INSERT INTO handyman.userskills (id, userId, skillId, createdAt, updatedAt) VALUES (14,6,42,'2016-12-31 23:59:59','2016-12-31 23:59:59');
INSERT INTO handyman.userskills (id, userId, skillId, createdAt, updatedAt) VALUES (15,7,54,'2016-12-31 23:59:59','2016-12-31 23:59:59');
INSERT INTO handyman.userskills (id, userId, skillId, createdAt, updatedAt) VALUES (16,8,1,'2016-12-31 23:59:59','2016-12-31 23:59:59');
INSERT INTO handyman.userskills (id, userId, skillId, createdAt, updatedAt) VALUES (17,8,2,'2016-12-31 23:59:59','2016-12-31 23:59:59');
INSERT INTO handyman.userskills (id, userId, skillId, createdAt, updatedAt) VALUES (18,8,3,'2016-12-31 23:59:59','2016-12-31 23:59:59');
INSERT INTO handyman.userskills (id, userId, skillId, createdAt, updatedAt) VALUES (19,8,8,'2016-12-31 23:59:59','2016-12-31 23:59:59');

-- Tickets Seeds
